Título,URL,Copete,Sección
"Sin excepción, toda la obra pública nacional está frenada en Salta",/salta/2024-5-21-0-0-0-sin-excepcion-toda-la-obra-publica-nacional-esta-frenada-en-salta,"Son unos 70 proyectos que se paralizaron por el ""no hay plata"".La deuda con la provincia se calcula en alrededor de 120 millones de dólares.",Nacionales
"Javier Milei: “No hay Pacto de Mayo porque no va a estar la Ley de Bases para ese momento""",/nacionales/2024-5-20-21-5-0-javier-milei-la-mitad-de-los-comedores-son-fantasmas-no-existen,El Presidente le subió el tono a la pelea con el mandatario español y dijo no le pedirá disculpas.,Salta
Fuerte suba del dólar blue en Salta: a cuánto cotizó este lunes,/salta/2024-5-20-21-38-0-fuerte-suba-del-dolar-blue-en-salta-a-cuanto-cotizo-este-lunes,El Presidente le subió el tono a la pelea con el mandatario español y dijo no le pedirá disculpas.,Salta
"Paro nacional de docentes: Salta, a través de la ADP, se adhiere al reclamo por ""demandas salariales""",/salta/2024-5-20-17-26-0-paro-nacional-de-docentes-salta-a-traves-de-la-adp-se-adhiere-al-reclamo-de-demandas-salariales,El Presidente le subió el tono a la pelea con el mandatario español y dijo no le pedirá disculpas.,Salta
Uno de cada dos alumnos de la primaria habla de violencia doméstica en la escuela,/salta/2024-5-20-20-37-0-1-de-cada-2-alumnos-de-primaria-habla-de-violencia-domestica-en-la-escuela,El Presidente le subió el tono a la pelea con el mandatario español y dijo no le pedirá disculpas.,Nacionales
"Milei tildó a Sánchez de ""cobarde"" y lo acusó de esconderse ""debajo de las polleras de las mujeres""",/nacionales/2024-5-20-23-8-0-milei-tildo-a-sanchez-de-cobarde-y-lo-acuso-de-esconderse-debajo-de-las-polleras-de-las-mujeres,El Presidente le subió el tono a la pelea con el mandatario español y dijo no le pedirá disculpas.,Internacionales
El conflicto con España recién comienza: Pedro Sánchez analiza llevar el caso a la UE,/internacionales/2024-5-20-17-2-0-el-conflicto-con-espana-recien-comienza-pedro-sanchez-analiza-llevar-el-caso-a-la-ue,"En el estadio Bautista Gargantini, el ""Tomba"" y la ""Lepra"" se volvieron a ver las caras tras 16 años.",Nacionales
La embajadora de España ya se fue del país por el conflicto diplomático entre Milei y Sánchez,/nacionales/2024-5-20-14-1-0-la-embajadora-de-espana-ya-se-fue-del-pais-por-el-conflicto-diplomatico-entre-milei-y-sanchez,"En el estadio Bautista Gargantini, el ""Tomba"" y la ""Lepra"" se volvieron a ver las caras tras 16 años.",Nacionales
Aumenta la tensión diplomática: El Gobierno argentino ratificó que no pedirá disculpas a España,/nacionales/2024-5-20-10-15-0-aumenta-la-tensio-diplomatica-el-gobierno-argentino-argentino-ratifico-que-no-pedira-disculpas-a-espana,"En el estadio Bautista Gargantini, el ""Tomba"" y la ""Lepra"" se volvieron a ver las caras tras 16 años.",Nacionales
"Adorni: ""No nos preocupa la reacción diplomática""",/nacionales/2024-5-20-11-53-0-adorni-no-nos-preocupa-la-reaccion-diplomatica,"En el estadio Bautista Gargantini, el ""Tomba"" y la ""Lepra"" se volvieron a ver las caras tras 16 años.",Deportes
"Con la ausencia de Dybala, Scaloni dio la lista de convocados para los amistosos de junio",/deportes/2024-5-20-17-47-0-con-la-ausencia-de-dybala-scaloni-dio-la-lista-de-convocados-para-los-amistosos-de-junio,"En el estadio Bautista Gargantini, el ""Tomba"" y la ""Lepra"" se volvieron a ver las caras tras 16 años.",Policiales
"Crimen en Rosario de la Frontera: ya son cuatro los imputados, pero solo uno de ellos está detenido",/policiales/2024-5-20-19-53-0-crimen-en-rosario-de-la-frontera-ya-son-cuatro-los-imputados-pero-solo-uno-de-ellos-esta-detenido,"En el estadio Bautista Gargantini, el ""Tomba"" y la ""Lepra"" se volvieron a ver las caras tras 16 años.",Deportes
Hinchas de Juventud siguen varados en Misiones y piden colaboración para volver,/deportes/2024-5-20-18-23-0-hinchas-de-juventud-siguen-varados-en-misiones-y-piden-colaboracion-para-volver,"En el estadio Bautista Gargantini, el ""Tomba"" y la ""Lepra"" se volvieron a ver las caras tras 16 años.",Salta
El hombre acusado de matar a un joven en Santa Ana II no quiso hablar,/policiales/2024-5-20-19-3-0-el-hombre-acusado-de-matar-a-un-joven-en-santa-ana-ii-no-quiso-hablar,"En el estadio Bautista Gargantini, el ""Tomba"" y la ""Lepra"" se volvieron a ver las caras tras 16 años.",Salta
Trabajadores de la salud de clínicas y sanatorios realizarán quites de colaboración,/salta/2024-5-20-15-40-0-trabajadores-de-la-salud-de-clinicas-y-sanatorios-realizaran-quites-de-colaboracion,"En el estadio Bautista Gargantini, el ""Tomba"" y la ""Lepra"" se volvieron a ver las caras tras 16 años.",Policiales
VIDEO. Detuvieron a un gendarme con más de 300 kilos de cocaína en Las Lajitas,/policiales/2024-5-20-15-55-0-video-detuvieron-a-un-gendarme-con-mas-de-300-kilos-de-cocaina-en-las-lajitas,"En el estadio Bautista Gargantini, el ""Tomba"" y la ""Lepra"" se volvieron a ver las caras tras 16 años.",Nacionales
"Fracasó la negociación en Misiones y sigue el conflicto policial: ""Se viene algo muy grave""",/nacionales/2024-5-20-17-41-0-fracaso-la-negociacion-en-misiones-y-sigue-el-conflicto-policial-se-viene-algo-muy-grave,"En el estadio Bautista Gargantini, el ""Tomba"" y la ""Lepra"" se volvieron a ver las caras tras 16 años.",Policiales
Emboscan y asesinan a un joven en una plaza del B° Santa Ana II,/policiales/2024-5-20-0-0-0-emboscan-y-asesinan-a-un-joven-en-una-plaza-del-b-santa-ana-ii,"En el estadio Bautista Gargantini, el ""Tomba"" y la ""Lepra"" se volvieron a ver las caras tras 16 años.",Deportes
Kevin Costner se emocionó hasta las lágrimas al ser ovacionado en el Festival de Cannes,/espectaculos/2024-5-20-18-45-0-kevin-costner-se-emociono-hasta-las-lagrimas-al-ser-ovacionado-en-el-festival-de-cannes,"En el estadio Bautista Gargantini, el ""Tomba"" y la ""Lepra"" se volvieron a ver las caras tras 16 años.",Deportes
"Más problemas en Boca: el gesto de Benedetto que enfureció al DT, y Advíncula afuera",/deportes/2024-5-20-23-43-0-mas-problemas-en-boca-el-gesto-de-benedetto-que-enfurecio-al-dt-y-advincula-afuera,"En el estadio Bautista Gargantini, el ""Tomba"" y la ""Lepra"" se volvieron a ver las caras tras 16 años.",Espectáculos
Griselda Siciliani confirmó que tiene una relación con Luciano Castro,/espectaculos/2024-5-20-23-2-0-griselda-siciliani-confirmo-que-tiene-una-relacion-con-luciano-castro,"En el estadio Bautista Gargantini, el ""Tomba"" y la ""Lepra"" se volvieron a ver las caras tras 16 años.",Espectáculos
"VIDEO. Ashley Madison, el escándalo que salpicó a los casados de todo el mundo llega a la TV",/espectaculos/2024-5-20-22-32-0-ashley-madison-el-escandalo-que-salpico-a-los-casados-de-todo-el-mundo-llega-a-la-tv,"En el estadio Bautista Gargantini, el ""Tomba"" y la ""Lepra"" se volvieron a ver las caras tras 16 años.",Internacionales
"Sin excepción, toda la obra pública nacional está frenada en Salta",/salta/2024-5-21-0-0-0-sin-excepcion-toda-la-obra-publica-nacional-esta-frenada-en-salta,"En el estadio Bautista Gargantini, el ""Tomba"" y la ""Lepra"" se volvieron a ver las caras tras 16 años.",Internacionales
"Más problemas en Boca: el gesto de Benedetto que enfureció al DT, y Advíncula afuera",/deportes/2024-5-20-23-43-0-mas-problemas-en-boca-el-gesto-de-benedetto-que-enfurecio-al-dt-y-advincula-afuera,"En el estadio Bautista Gargantini, el ""Tomba"" y la ""Lepra"" se volvieron a ver las caras tras 16 años.",Internacionales
"Milei tildó a Sánchez de ""cobarde"" y lo acusó de esconderse ""debajo de las polleras de las mujeres""",/nacionales/2024-5-20-23-8-0-milei-tildo-a-sanchez-de-cobarde-y-lo-acuso-de-esconderse-debajo-de-las-polleras-de-las-mujeres,"En el estadio Bautista Gargantini, el ""Tomba"" y la ""Lepra"" se volvieron a ver las caras tras 16 años.",Internacionales
Griselda Siciliani confirmó que tiene una relación con Luciano Castro,/espectaculos/2024-5-20-23-2-0-griselda-siciliani-confirmo-que-tiene-una-relacion-con-luciano-castro,"En el estadio Bautista Gargantini, el ""Tomba"" y la ""Lepra"" se volvieron a ver las caras tras 16 años.",Internacionales
"VIDEO. Ashley Madison, el escándalo que salpicó a los casados de todo el mundo llega a la TV",/espectaculos/2024-5-20-22-32-0-ashley-madison-el-escandalo-que-salpico-a-los-casados-de-todo-el-mundo-llega-a-la-tv,"En el estadio Bautista Gargantini, el ""Tomba"" y la ""Lepra"" se volvieron a ver las caras tras 16 años.",Internacionales
Tabacaleros de Salta piden la aprobación sin cambios del capítulo de la Ley de Bases,/salta/2024-5-20-21-53-0-tabacaleros-de-salta-piden-la-aprobacion-sin-cambios-del-capitulo-de-la-ley-de-bases,"En el estadio Bautista Gargantini, el ""Tomba"" y la ""Lepra"" se volvieron a ver las caras tras 16 años.",Internacionales
Alarma: detectan conductores con alta graduación de alcohol,/salta/2024-5-20-0-0-0-alarma-detectan-conductores-con-alta-graduacion-de-alcohol,"En el estadio Bautista Gargantini, el ""Tomba"" y la ""Lepra"" se volvieron a ver las caras tras 16 años.",Internacionales
"Confirman que el presidente de Irán, Ebrahim Raisi, murió en el accidente aéreo y que tampoco hay sobrevivientes",/internacionales/2024-5-20-2-10-0-afirman-que-el-presidente-de-iran-ebrahim-raisi-murio-en-el-accidente-aereo-y-que-tampoco-hay-sobrevivientes,"En el estadio Bautista Gargantini, el ""Tomba"" y la ""Lepra"" se volvieron a ver las caras tras 16 años.",Salta
"Para algunos legisladores salteños el Gobierno de Milei es ""centralista""",/salta/2024-5-20-0-0-0-para-algunos-legisladores-saltenos-el-gobierno-de-milei-es-centralista,"En el estadio Bautista Gargantini, el ""Tomba"" y la ""Lepra"" se volvieron a ver las caras tras 16 años.",Salta
"Seaboard y la zafra 105 con la premisa de innovación, igualdad y sustentabilidad",/salta/2024-5-20-0-0-0-seaboard-y-la-zafra-105-con-la-premisa-de-innovacion-igualdad-y-sustentabilidad,"En el estadio Bautista Gargantini, el ""Tomba"" y la ""Lepra"" se volvieron a ver las caras tras 16 años.",Deportes
Tabacaleros de Salta piden la aprobación sin cambios del capítulo de la Ley de Bases,/salta/2024-5-20-21-53-0-tabacaleros-de-salta-piden-la-aprobacion-sin-cambios-del-capitulo-de-la-ley-de-bases,"En el estadio Bautista Gargantini, el ""Tomba"" y la ""Lepra"" se volvieron a ver las caras tras 16 años.",Deportes
VIDEO. Racing goleó a Argentinos Juniors en el Cilindro de Avellaneda,/deportes/2024-5-20-21-9-0-racing-le-gana-argentinos-juniors-en-el-cilindro-seguilo-minuto-a-minuto,"En el estadio Bautista Gargantini, el ""Tomba"" y la ""Lepra"" se volvieron a ver las caras tras 16 años.",Nacionales
Se descarta el Pacto de Mayo: el sábado habrá un solo acto de Milei en Córdoba,/nacionales/2024-5-20-20-34-0-se-descarta-el-pacto-de-mayo-el-sabado-habra-un-solo-acto-de-milei-en-cordoba,"En el estadio Bautista Gargantini, el ""Tomba"" y la ""Lepra"" se volvieron a ver las caras tras 16 años.",Deportes
VIDEOS. San Lorenzo empató con Lanús y suma su primer punto: mirá los goles,/deportes/2024-5-20-20-25-0-san-lorenzo-pierde-como-local-ante-lanus-con-un-gol-de-bou-seguilo-en-vivo,"En el estadio Bautista Gargantini, el ""Tomba"" y la ""Lepra"" se volvieron a ver las caras tras 16 años.",Policiales
Cada vez más homicidios con tinte y sello mafiosos en Salta,/policiales/2024-5-20-0-0-0-cada-vez-mas-homicidios-con-tinte-y-sello-mafiosos-en-salta,"En el estadio Bautista Gargantini, el ""Tomba"" y la ""Lepra"" se volvieron a ver las caras tras 16 años.",Vida y Tendencia
"SALTA. El “milagro” de la mariposa: tras permanecer congelada, revive y remonta vuelo",/vida-y-tendencia/2024-5-20-7-54-0-salta-el-milagro-de-la-mariposa-tras-permanecer-congelada-revive-y-remonta-vuelo,"En el estadio Bautista Gargantini, el ""Tomba"" y la ""Lepra"" se volvieron a ver las caras tras 16 años.",Salta
Premio al esfuerzo: Nancy Bellone tendrá una maratón por su trayectoria,/salta/2024-5-20-0-40-0-premio-al-esfuerzo-nancy-bellone-tendra-una-maraton-por-su-trayectoria,"En el estadio Bautista Gargantini, el ""Tomba"" y la ""Lepra"" se volvieron a ver las caras tras 16 años.",Espectáculos
"Para algunos legisladores salteños el Gobierno de Milei es ""centralista""",/salta/2024-5-20-0-0-0-para-algunos-legisladores-saltenos-el-gobierno-de-milei-es-centralista,"En el estadio Bautista Gargantini, el ""Tomba"" y la ""Lepra"" se volvieron a ver las caras tras 16 años.",Espectáculos
"""Yellowstone"": la última gran actuación de Kevin Costner en la pantalla chica",/espectaculos/2024-5-20-19-15-0-yellowstone-la-ultima-gran-actuacion-de-kevin-costner-en-la-pantalla-chica,"En el estadio Bautista Gargantini, el ""Tomba"" y la ""Lepra"" se volvieron a ver las caras tras 16 años.",Espectáculos
Gran Hermano: un participante y un familiar resultaron eliminados este domingo,/espectaculos/2024-5-20-16-23-0-gran-hermano-un-participante-y-un-familiar-resultaron-eliminados-este-domingo,"En el estadio Bautista Gargantini, el ""Tomba"" y la ""Lepra"" se volvieron a ver las caras tras 16 años.",Espectáculos
Leo Messi y Antonella Roccuzzo disfrutaron de un show improvisado de María Becerra en Miami,/espectaculos/2024-5-20-16-0-0-leo-messi-y-antonella-roccuzzo-disfrutaron-de-un-show-improvisado-de-maria-becerra-en-miami,"En el estadio Bautista Gargantini, el ""Tomba"" y la ""Lepra"" se volvieron a ver las caras tras 16 años.",Salta
VIDEO. La caja de un camión volquete quedó atorada en el puente de la Circunvalación Noroeste,/salta/2024-5-20-15-4-0-video-la-caja-de-un-camion-volquete-quedo-atorada-en-el-puente-de-la-circunvalacion-noroeste,"En el estadio Bautista Gargantini, el ""Tomba"" y la ""Lepra"" se volvieron a ver las caras tras 16 años.",Deportes
VIDEO. Independiente Rivadavia y Godoy Cruz no se sacaron ventaja en el clásico mendocino,/deportes/2024-5-18-15-53-0-independiente-rivadavia-vs-godoy-cruz-por-la-liga-profesional-minuto-a-minuto-en-directo,"En el estadio Bautista Gargantini, el ""Tomba"" y la ""Lepra"" se volvieron a ver las caras tras 16 años.",Primera Nacional
Gimnasia y Tiro perdió en el Gigante del Norte: cuál fue la última derrota antes de Temperley,/deportes/2024-5-17-17-33-0-la-ultima-derrota-de-gimnasia-antes-de-temperley-la-goleada-de-sportivo-belgrano-en-2022,Esta mañana hubo una manifestación en la Fiscalía para pedir la condena máxima para los involucrados en el aberrante suceso.,Deportes
"El programa ""Salta Juega"" visitó la escuela de básquet del club Castañares",/deportes/2024-5-17-23-24-0-el-programa-salta-juega-visito-la-escuela-de-basquet-del-club-castanares,Esta mañana hubo una manifestación en la Fiscalía para pedir la condena máxima para los involucrados en el aberrante suceso.,Deportes
La servilleta en la que Messi firmó su primer contrato fue subastada,/deportes/2024-5-17-19-46-0-la-servilleta-en-la-que-messi-firmo-su-primer-contrato-fue-subastada,Esta mañana hubo una manifestación en la Fiscalía para pedir la condena máxima para los involucrados en el aberrante suceso.,Deportes
Tyson Fury y su polémico universo de contradicciones,/deportes/2024-5-18-0-0-0-tyson-fury-y-su-polemico-universo-de-contradicciones,Esta mañana hubo una manifestación en la Fiscalía para pedir la condena máxima para los involucrados en el aberrante suceso.,Espectáculos
"Andrea Bonelli: ""Nunca pensé hacer otra cosa que no sea actuar""",/espectaculos/2024-5-20-10-44-0-andrea-bonelli-nunca-pense-hacer-otra-cosa-que-no-sea-actuar,Esta mañana hubo una manifestación en la Fiscalía para pedir la condena máxima para los involucrados en el aberrante suceso.,Espectáculos
Nico Occhiato y Flor Jazmín anunciaron su casamiento: todos los detalles,/espectaculos/2024-5-17-16-30-0-nico-occhiato-y-flor-jazmin-anunciaron-su-casamiento-todos-los-detalles,Esta mañana hubo una manifestación en la Fiscalía para pedir la condena máxima para los involucrados en el aberrante suceso.,Espectáculos
El último concierto,/espectaculos/2024-5-20-11-45-0-el-ultimo-concierto,Esta mañana hubo una manifestación en la Fiscalía para pedir la condena máxima para los involucrados en el aberrante suceso.,Espectáculos
¿Por qué apareció el nombre de Nicolás Francella tras la ruptura de Emilia Attias y el Turco Naim,/espectaculos/2024-5-18-11-2-0-por-que-aparecio-el-nombre-de-nicolas-francella-tras-la-ruptura-de-emilia-attias-y-el-turco-naim,Esta mañana hubo una manifestación en la Fiscalía para pedir la condena máxima para los involucrados en el aberrante suceso.,Deportes
"Quién es Lorena Bernal, la tucumana que enamoró al DT del Arsenal",/deportes/2024-5-18-10-39-0-quien-es-lorena-bernal-la-tucumana-que-enamoro-al-dt-del-arsenal,Esta mañana hubo una manifestación en la Fiscalía para pedir la condena máxima para los involucrados en el aberrante suceso.,Policiales
Familiares y amigos piden justicia por el joven asesinado el fin de semana en Rosario de la Frontera,/policiales/2024-5-20-14-35-0-familiares-y-amigos-piden-justicia-por-el-joven-asesinado-el-fin-de-semana-en-rosario-de-la-frontera,Esta mañana hubo una manifestación en la Fiscalía para pedir la condena máxima para los involucrados en el aberrante suceso.,Policiales
Volcó un camión que transportaba bolsas de cemento en la ruta 9/34,/policiales/2024-5-20-14-4-0-volco-un-camion-que-transportaba-bolsas-de-cemento-en-la-ruta-9-34,"Diego Ruiz, presidente del grupo empresario del ingenio, adelantó que se espera una molienda de 700 toneladas por hectárea en esta séptima Zafra.",Policiales
Detienen en Santiago un camión con más de 60 kilos de cocaína con el sello del clan Castedo que había partido de Salta,/policiales/2024-5-20-13-30-0-detienen-en-santiago-del-estero-un-camion-del-clan-castedo-con-mas-de-60-kilos-de-cocaina-que-habia-partido-de-salta,"Diego Ruiz, presidente del grupo empresario del ingenio, adelantó que se espera una molienda de 700 toneladas por hectárea en esta séptima Zafra.",Policiales
Dos detenidos por el doble homicidio de Colonia Santa Rosa,/policiales/2024-5-20-12-58-0-dos-detenidos-por-el-doble-homicidio-de-colonia-santa-rosa,"Diego Ruiz, presidente del grupo empresario del ingenio, adelantó que se espera una molienda de 700 toneladas por hectárea en esta séptima Zafra.",Policiales
Nena fue abusada por su padre y quedó embarazada,/policiales/2024-5-20-12-39-0-nena-fue-abusada-por-su-padre-y-quedo-embarazada,"Diego Ruiz, presidente del grupo empresario del ingenio, adelantó que se espera una molienda de 700 toneladas por hectárea en esta séptima Zafra.",Minería
El hermoso valle de Lesser,/opiniones/2024-5-20-0-0-0-el-hermoso-valle-de-lesser,"Diego Ruiz, presidente del grupo empresario del ingenio, adelantó que se espera una molienda de 700 toneladas por hectárea en esta séptima Zafra.",Minería
Un mundo de trabajadores independientes,/opiniones/2024-5-19-22-48-0-un-mundo-de-trabajadores-independientes,"Diego Ruiz, presidente del grupo empresario del ingenio, adelantó que se espera una molienda de 700 toneladas por hectárea en esta séptima Zafra.",Minería
El resbaladizo camino de la civilización a la barbarie,/opiniones/2024-5-19-0-0-0-el-resbaladizo-camino-de-la-civilizacion-a-la-barbarie,"Diego Ruiz, presidente del grupo empresario del ingenio, adelantó que se espera una molienda de 700 toneladas por hectárea en esta séptima Zafra.",Minería
"La marcha universitaria, más que un reclamo por presupuesto",/opiniones/2024-5-18-0-0-0-la-marcha-universitaria-mas-que-un-reclamo-por-presupuesto,"Diego Ruiz, presidente del grupo empresario del ingenio, adelantó que se espera una molienda de 700 toneladas por hectárea en esta séptima Zafra.",Minería
La vocación destituyente,/opiniones/2024-5-18-0-0-0-la-vocacion-destituyente,"Diego Ruiz, presidente del grupo empresario del ingenio, adelantó que se espera una molienda de 700 toneladas por hectárea en esta séptima Zafra.",Minería
Oficialismo sin oposición es democracia a medias,/opiniones/2024-5-17-0-0-0-oficialismo-sin-oposicion-es-democracia-a-medias,"Diego Ruiz, presidente del grupo empresario del ingenio, adelantó que se espera una molienda de 700 toneladas por hectárea en esta séptima Zafra.",Minería
"En detalle, lo que destacan los inversores mineros de Salta",/salta/2024-5-18-22-10-0-en-detalle-lo-que-destacan-los-inversores-mineros-de-salta,"Diego Ruiz, presidente del grupo empresario del ingenio, adelantó que se espera una molienda de 700 toneladas por hectárea en esta séptima Zafra.",Minería
Un pilar para la formación y el desarrollo de la provincia,/salta/2024-5-18-22-7-0-un-pilar-para-la-formacion-y-el-desarrollo-de-la-provincia,"Diego Ruiz, presidente del grupo empresario del ingenio, adelantó que se espera una molienda de 700 toneladas por hectárea en esta séptima Zafra.",Salta
Crecimiento con los servicios mineros,/salta/2024-5-12-1-19-0-crecimiento-con-los-servicios-mineros,"Diego Ruiz, presidente del grupo empresario del ingenio, adelantó que se espera una molienda de 700 toneladas por hectárea en esta séptima Zafra.",Salta
"En tres meses, Salta exportó US$54 millones en minerales",/salta/2024-5-12-1-8-0-en-tres-meses-salta-exporto-us-54-millones-en-minerales,"Diego Ruiz, presidente del grupo empresario del ingenio, adelantó que se espera una molienda de 700 toneladas por hectárea en esta séptima Zafra.",Salta
Feria minera en el pueblo donde la gente ya no se va,/salta/2024-5-12-1-6-0-feria-minera-en-el-pueblo-donde-la-gente-ya-no-se-va,"Diego Ruiz, presidente del grupo empresario del ingenio, adelantó que se espera una molienda de 700 toneladas por hectárea en esta séptima Zafra.",Salta
El régimen que puede destrabar la inversión en el proyecto Taca Taca,/salta/2024-5-5-0-14-0-el-regimen-que-puede-destrabar-la-inversion-en-el-proyecto-taca-taca,"Diego Ruiz, presidente del grupo empresario del ingenio, adelantó que se espera una molienda de 700 toneladas por hectárea en esta séptima Zafra.",Salta
Empezaron a capacitar para poner en marcha el Simsa,/salta/2024-5-1-0-0-0-empezaron-a-capacitar-para-poner-en-marcha-el-simsa,"Diego Ruiz, presidente del grupo empresario del ingenio, adelantó que se espera una molienda de 700 toneladas por hectárea en esta séptima Zafra.",Municipios
Campo Santo: El ingenio San Isidro estima triplicar su producción en esta Zafra 2024,/municipios/2024-5-17-0-0-0-campo-santo-el-ingenio-san-isidro-estima-triplicar-su-produccion-en-esta-zafra-2024,"Diego Ruiz, presidente del grupo empresario del ingenio, adelantó que se espera una molienda de 700 toneladas por hectárea en esta séptima Zafra.",Municipios
Inauguraron un taller gratuito de preparación integral para la maternidad,/municipios/2024-5-19-14-13-0-inauguraron-un-taller-gratuito-de-preparacion-integral-para-la-maternidad,"Norma Acosta padece alzheimer desde hace ya 6 años, una enfermedad que desgasta su vida pero a la vez fortaleció el lazo de amor entre su hijo Dario y ella.",Municipios
"Campo Quijano: Luciano, un talento de 13 años competirá en la RoboCup de Europa",/municipios/2024-5-17-0-0-0-campo-quijano-luciano-un-talento-de-13-anos-competira-en-la-robocup-de-europa,"Norma Acosta padece alzheimer desde hace ya 6 años, una enfermedad que desgasta su vida pero a la vez fortaleció el lazo de amor entre su hijo Dario y ella.",Municipios
General Mosconi: La devoción a la Virgen de Fátima,/municipios/2024-5-14-0-0-0-general-mosconi-la-devocion-a-la-virgen-de-fatima,"Norma Acosta padece alzheimer desde hace ya 6 años, una enfermedad que desgasta su vida pero a la vez fortaleció el lazo de amor entre su hijo Dario y ella.",Municipios
"""Ordenar y responder la demanda social es la razón de esta gestión""",/municipios/2024-5-13-22-23-0-ordenar-y-responder-la-demanda-social-es-la-razon-de-esta-gestion,"Norma Acosta padece alzheimer desde hace ya 6 años, una enfermedad que desgasta su vida pero a la vez fortaleció el lazo de amor entre su hijo Dario y ella.",Vida y Tendencia
La historia de Darío y Norma: cómo es vivir con una madre con alzheimer y mostrarlo en las redes,/vida-y-tendencia/2024-5-12-17-47-0-la-historia-de-dario-y-norma-como-es-vivir-con-una-madre-con-alzheimer-y-mostrarlos-en-las-redes,"Norma Acosta padece alzheimer desde hace ya 6 años, una enfermedad que desgasta su vida pero a la vez fortaleció el lazo de amor entre su hijo Dario y ella.",Vida y Tendencia
Qué podemos hacer para no tener frío,/vida-y-tendencia/2024-5-14-19-54-0-que-podemos-hacer-para-no-tener-frio,No se encontró el copete,Vida y Tendencia
El misterio de la ceremonia ancestral del cacao,/vida-y-tendencia/2024-5-14-19-35-0-el-misterio-de-la-ceremonia-ancestral-del-cacao,No se encontró el copete,Vida y Tendencia
¿Son las redes sociales el lugar del odio a la democracia?,/vida-y-tendencia/2024-5-12-7-25-0-son-las-redes-sociales-el-lugar-del-odio-a-la-democracia,No se encontró el copete,Vida y Tendencia
Cuántas horas hay que dormir para vivir 100 años,/vida-y-tendencia/2024-5-10-0-0-0-cuantas-horas-hay-que-dormir-para-vivir-100-anos,No se encontró el copete,Tecnología
"Neuralink: a mil días, así está el primer paciente con implante de chip cerebral",/tecnologia/2024-5-9-21-2-0-neuralink-a-mil-dias-asi-esta-el-primer-paciente-con-implante-de-chip-cerebral,No se encontró el copete,Tecnología
"Apple le puso fecha a sus plegables, el iPhone se hace esperar",/tecnologia/2024-5-6-20-46-0-apple-le-puso-fecha-a-sus-plegables-el-iphone-se-hace-esperar,No se encontró el copete,Tecnología
El gigante Apple sorprendió al mercado y ejecutó una histórica recompra de acciones por US$ 110.000 millones,/tecnologia/2024-5-3-18-15-0-el-gigante-apple-sorprendio-al-mercado-y-ejecuto-una-historica-recompra-de-acciones-por-us-110-000-millones,No se encontró el copete,Tecnología
El secreto para empezar a operar con CFDs en línea,/tecnologia/2024-5-9-11-29-0-el-secreto-para-empezar-a-operar-con-cfds-en-linea,No se encontró el copete,Especial
Las mejores marcas de SSD en 2024,/tecnologia/2024-5-6-18-25-0-las-mejores-marcas-de-ssd-en-2024,No se encontró el copete,Especial
¿Cómo elegir la mejor laptop para diseño gráfico en 2024?,/tecnologia/2024-5-6-16-26-0-como-elegir-la-mejor-laptop-para-diseno-grafico-en-2024,No se encontró el copete,No se encontró la sección
